engine_id,cycle,anomaly_score
1,1,-2.8152031386157077
1,2,-0.9800609357357519
1,3,3.2985201559992916
1,4,5.514753203767274
1,5,6.612869873214951
1,6,5.87722324296627
1,7,5.823844042722314
1,8,5.816248861996531
1,9,5.444649277767706
1,10,2.86005195412913
1,11,5.6542091004978055
1,12,5.259502068658659
1,13,5.368672013802257
1,14,5.910339809962583
1,15,6.7527284441416064
1,16,5.324124883477342
1,17,6.894618103492771
1,18,7.425649185098848
1,19,7.966623628604623
1,20,7.184853836925971
1,21,6.958427487699808
1,22,6.642356528989836
1,23,7.392338542446833
1,24,5.520224726408642
1,25,3.9885784867808454
1,26,2.7742694970123516
1,27,2.4659172911263028
1,28,4.676684137169978
1,29,5.760626953590947
1,30,5.2902120574302
2,1,-5.903744132429981
2,2,1.405414209754781
2,3,1.2991719374003718
2,4,1.5001373150157047
2,5,1.9774728289399413
2,6,-0.3365361570758463
2,7,1.0734992082382302
2,8,3.413691710600432
2,9,3.824311653493446
2,10,3.5461911268768134
2,11,4.128218660816877
2,12,4.844310841289033
2,13,3.5171591611081396
2,14,2.8818531307654354
2,15,4.3132915395352995
2,16,1.7795912002906213
2,17,2.984411111285997
2,18,3.6880948199503436
2,19,5.060859958062522
2,20,3.907416943977907
2,21,4.161672094687457
2,22,3.8148758707483985
2,23,3.0014278522899147
2,24,3.5605984856750688
2,25,3.23361024027
2,26,0.9727076848203691
2,27,3.5601272549643284
2,28,0.8131364594674952
2,29,1.5850323894424356
2,30,3.7245585091650426
3,1,-1.905860305184106
3,2,5.115278199041928
3,3,7.9784105191327725
3,4,8.933684278538834
3,5,8.232015589312297
3,6,7.539780788977179
3,7,7.109330196891342
3,8,6.714129215341018
3,9,7.188019353598463
3,10,5.983710644129186
3,11,8.519852976082689
3,12,7.276215906824703
3,13,4.3204595847412754
3,14,4.479439647969656
3,15,4.604906389332001
3,16,3.4062146158938447
3,17,4.19663162085671
3,18,3.4379615874226843
3,19,4.786212146182216
3,20,3.6814634022757957
3,21,7.46608996355609
3,22,6.544776695304389
3,23,8.176411213520378
3,24,5.096856237262049
3,25,5.883130868130365
3,26,2.4627227570804244
3,27,4.691765600325745
3,28,4.927332072256728
3,29,7.604819275592352
3,30,7.037008303323923
4,1,-3.4293068147095447
4,2,3.409652891791133
4,3,6.7987804157623195
4,4,7.126540599422267
4,5,7.462957871974801
4,6,7.315018179053389
4,7,8.435928276468474
4,8,7.259595954464938
4,9,5.566744156186786
4,10,7.067591158803889
4,11,5.281589146996684
4,12,2.954632528342394
4,13,3.6032680762079785
4,14,5.969693455909567
4,15,5.539956923540707
4,16,7.100783750510544
4,17,5.9983650271991955
4,18,7.1200944141774265
4,19,5.938640083841239
4,20,6.4076023542022185
4,21,6.668422752583808
4,22,3.4363080897028553
4,23,2.7879428690216628
4,24,3.8407412969976704
4,25,3.200551590545281
4,26,2.3083843534542474
4,27,4.785091071594589
4,28,3.5181822920318737
4,29,6.602888807899156
4,30,7.934520765829966
5,1,-4.260854977602021
5,2,0.0002064207783867289
5,3,2.81438582833551
5,4,3.813434252510021
5,5,4.496058103816633
5,6,4.25748572181557
5,7,3.5600314443503187
5,8,3.9316459110213096
5,9,4.501933072672433
5,10,4.319664364313219
5,11,5.281363765002659
5,12,5.016590367174082
5,13,4.76523234859048
5,14,3.7480539598950458
5,15,4.1225002471583565
5,16,2.625581288656992
5,17,2.6159894551364538
5,18,2.7378335809411602
5,19,3.0539104576385334
5,20,4.390545883299499
5,21,5.525613961654109
5,22,6.169481586197339
5,23,4.319464144697019
5,24,5.808056466965713
5,25,4.6649504794886845
5,26,2.5448302054014036
5,27,3.541774821381942
5,28,4.473018943843115
5,29,0.9726350882917156
5,30,-2.903058328485031e-05
6,1,-5.8758994985924
6,2,2.2651467736972606
6,3,3.3592558298563304
6,4,2.0467750435793377
6,5,2.7618157206132103
6,6,1.6852186928707198
6,7,2.979544632913015
6,8,4.0333304456297014e-05
6,9,0.11698236328399148
6,10,2.538437929606083
6,11,1.266341642709003
6,12,0.3565757483530305
6,13,1.7973014846787478
6,14,3.4391301673550316
6,15,1.6266321509633226
6,16,2.1922436873699667
6,17,3.534512123951817
6,18,2.112828848522952
6,19,1.339594147210624
6,20,2.3925790305421764
6,21,2.0710549002345218
6,22,1.9944809685192766
6,23,3.655997916375494
6,24,3.040171054734124
6,25,2.2492859716245164
6,26,1.9467867043878755
6,27,2.751542010404062
6,28,4.001294151761805
6,29,4.749459397476649
6,30,3.8450324931141786
7,1,-3.228923770536001
7,2,-0.32486463845997626
7,3,2.251462208806867
7,4,3.476900923814952
7,5,4.594985888379462
7,6,4.221864857925155
7,7,5.006090227982469
7,8,5.124407873133983
7,9,4.757936596683276
7,10,3.9346028218713442
7,11,3.9045969123152062
7,12,2.798561408357518
7,13,3.936472491907427
7,14,5.31896137049992
7,15,4.7559355348079
7,16,5.251780951622802
7,17,4.809584658022967
7,18,3.280742787495715
7,19,2.1419718827125642
7,20,1.8862799816362745
7,21,1.0091507355950018
7,22,1.0329248811919243
7,23,0.9252677831605673
7,24,3.7746048811608723
7,25,4.334430437649832
7,26,4.554718185769634
7,27,5.887820222044198
7,28,5.381819902491259
7,29,4.833839017716109
7,30,4.949020752974146
8,1,-7.920807735352044
8,2,-3.5134908529552504
8,3,0.6971711757886432
8,4,1.2359583858235261
8,5,0.6137615931681744
8,6,1.96422465555845
8,7,2.219051412870172
8,8,1.4091701954949407
8,9,0.7927183294755888
8,10,1.703458510178283
8,11,0.9798090955486405
8,12,2.0612698354327357
8,13,2.439226002978806
8,14,2.5463755861763566
8,15,3.724029864778924
8,16,2.7264172859727793
8,17,0.6162905548569615
8,18,-0.2045327460808135
8,19,-2.991924644724209
8,20,0.8653416567087611
8,21,0.00034336909059362597
8,22,2.7765802834196016
8,23,2.9474523739025464
8,24,2.1789212389445503
8,25,1.3996528052662338
8,26,1.792741634213371
8,27,3.2926122460094476
8,28,5.209099002277203
8,29,5.693559590101106
8,30,4.5800424918105485
9,1,-2.442186046477591
9,2,-0.0004283334899746194
9,3,5.313496247142524
9,4,4.686930077698026
9,5,4.506104361877188
9,6,3.7782449964986498
9,7,1.866299980541502
9,8,2.6831225254788933
9,9,2.1093655936061566
9,10,2.190025103083059
9,11,2.276070257208044
9,12,3.5477802072467775
9,13,2.693680789328905
9,14,5.599244438308968
9,15,4.386484038819976
9,16,4.655606907655351
9,17,2.9233161911770544
9,18,0.44234686713018334
9,19,1.7422640190089496
9,20,3.2638868983053726
9,21,2.1841636665854196
9,22,4.387871222217505
9,23,4.121823369535168
9,24,6.111676050947999
9,25,5.346428246836712
9,26,3.877184011345218
9,27,0.1321367942209868
9,28,1.1972131154087329
9,29,4.213435729783768
9,30,4.288730560832651
10,1,-3.4366231232231517
10,2,-1.010006521181161
10,3,2.9680772314236137
10,4,2.3290380381111575
10,5,4.7885132718851295
10,6,4.890615439904089
10,7,5.911683771835289
10,8,5.743412429078209
10,9,6.107075171842197
10,10,5.822756908854419
10,11,5.560604670720206
10,12,4.613363499960808
10,13,2.7779241854922425
10,14,2.9178546004421335
10,15,3.5658481937203597
10,16,4.5413320753206925
10,17,5.098725832722348
10,18,4.0127458639790845
10,19,5.481486466596337
10,20,6.382286600281105
10,21,7.7540753006428496
10,22,6.713457756306013
10,23,5.754700599341643
10,24,6.754686478810605
10,25,5.505392035529592
10,26,2.684469087821622
10,27,4.151918304210753
10,28,5.687795083506842
10,29,4.823707601643839
10,30,4.492937135736053
11,1,0.31186510621080643
11,2,0.1950249109129487
11,3,-0.24816217870627533
11,4,2.7214715108540553
11,5,5.159073361781616
11,6,6.442300621853377
11,7,8.019125286302724
11,8,7.931118789015041
11,9,7.139099179414885
11,10,5.7411706484199065
11,11,5.814456224772435
11,12,7.430136473309929
11,13,7.460440008745515
11,14,7.067620627793236
11,15,4.769677194070244
11,16,5.987296647971853
11,17,7.48046812250724
11,18,6.486291863978963
11,19,7.521207821743481
11,20,6.909475869643256
11,21,7.313687924375088
11,22,5.622653153736845
11,23,6.828719426280678
11,24,7.760545592047187
11,25,5.9158443436662935
11,26,4.697991200797976
11,27,3.9404654103156282
11,28,5.018026768193565
11,29,2.2108640953816483
11,30,3.4320188489545593
12,1,-3.199222633793731
12,2,2.0629699316935763
12,3,3.3849675043937566
12,4,3.7796657229866426
12,5,5.267837621537932
12,6,6.015255214216076
12,7,6.597361876194729
12,8,7.407219288071094
12,9,6.596558421665755
12,10,7.904758025300978
12,11,7.655757201253188
12,12,5.977049929600746
12,13,6.399320026517248
12,14,5.423934546589916
12,15,5.082618361768514
12,16,5.772061413184353
12,17,6.866947842209818
12,18,5.506304104944679
12,19,5.72860478169606
12,20,6.953763942743908
12,21,6.603278532912345
12,22,6.2716724043026915
12,23,3.5996464151839866
12,24,3.9610262396602813
12,25,4.872246787649257
12,26,6.316525208436133
12,27,5.813665419490764
12,28,2.5841733289906905
12,29,3.0278879029291197
12,30,6.7930660657542
13,1,-3.9698910987200406
13,2,4.197216170050968
13,3,6.56083710892457
13,4,7.277324304511481
13,5,7.0178718174141075
13,6,7.771595730767892
13,7,6.070961381819107
13,8,2.1008309822351094
13,9,4.132878471540966
13,10,7.227427684656121
13,11,5.370929988632298
13,12,5.480864555702713
13,13,5.95631259805311
13,14,5.837724845931088
13,15,6.355118043785495
13,16,6.249703307583069
13,17,3.239463606237045
13,18,6.312471671127362
13,19,7.325120209306558
13,20,8.099909901985537
13,21,8.101164079314255
13,22,6.813283976756999
13,23,8.163942230922292
13,24,7.996148849659814
13,25,8.151484493184263
13,26,7.242161505516194
13,27,8.486073642687575
13,28,8.07949826931699
13,29,8.819825885526441
13,30,9.413650366979208
14,1,-5.817386532336355
14,2,4.426882471751494
14,3,5.75440129568069
14,4,5.494445825654886
14,5,6.240084556637921
14,6,5.882055407973986
14,7,4.986532706087768
14,8,3.537997875721757
14,9,3.4614057776977525
14,10,2.949796500281014
14,11,4.839807106787031
14,12,4.2634418412079
14,13,2.8091478960688967
14,14,0.7579313975707649
14,15,0.9749905613603289
14,16,0.5699057381442483
14,17,1.681811798671447
14,18,7.089046525293984
14,19,8.293013835520114
14,20,7.880591384502939
14,21,8.438508982328944
14,22,8.078506245868063
14,23,7.166931020795218
14,24,6.7836424603185534
14,25,6.383797848087756
14,26,7.379680937841151
14,27,6.594716373423022
14,28,7.124779727664471
14,29,7.187754867764799
14,30,4.82960735710169
15,1,-6.226812681720931
15,2,4.391291965513641
15,3,4.794532385430614
15,4,4.251214777297392
15,5,5.3586512039655325
15,6,5.284274612376322
15,7,3.926857435010522
15,8,4.939144631420781
15,9,3.4451094382576954
15,10,5.842555288620861
15,11,5.959883408163616
15,12,4.955383304648652
15,13,4.216292324222497
15,14,5.648747443400495
15,15,4.747919040459021
15,16,4.547269996755688
15,17,4.744794713492926
15,18,3.236430426550296
15,19,2.557755069169282
15,20,2.3283434881358964
15,21,2.6035982554755748
15,22,2.023136254643628
15,23,4.395563026508153
15,24,4.9825672628682405
15,25,7.136694418248929
15,26,8.000994382877824
15,27,7.593005050709046
15,28,4.637610940370767
15,29,6.659531290956558
15,30,5.795056741996586
16,1,-2.0686313958541422
16,2,4.643813569123608
16,3,6.3698178581506255
16,4,4.9363966175785485
16,5,3.96185515458831
16,6,5.679204676580348
16,7,2.551049727948758
16,8,1.3542755643590318
16,9,3.4892449746379945
16,10,3.251810744007777
16,11,1.2970877206142912
16,12,1.6784378807948457
16,13,4.679729463655644
16,14,3.035851027613827
16,15,3.2134157378898003
16,16,3.963460466403035
16,17,2.797014385408435
16,18,3.529697914387107
16,19,3.7851260200510595
16,20,4.296957249575367
16,21,4.174771869168477
16,22,2.747354979215274
16,23,2.6739718147139797
16,24,3.673316904080597
16,25,3.42362021914305
16,26,3.4963921965954974
16,27,5.009509470236704
16,28,1.7826347209063158
16,29,0.00022588224232045206
16,30,0.5132887656016987
17,1,-9.127699570868929
17,2,-4.760953424289955
17,3,-2.930175303565271
17,4,2.02869419464162
17,5,4.7793604165776
17,6,6.903970874684106
17,7,8.733677005410033
17,8,6.690440591100838
17,9,6.5978748347524245
17,10,5.285166784314569
17,11,4.833630108398868
17,12,4.183830585621742
17,13,5.175814073141229
17,14,5.750214810096583
17,15,6.021499007175578
17,16,4.887944037310831
17,17,6.032750692091646
17,18,5.112850101806512
17,19,7.885575329739037
17,20,6.6428795955166535
17,21,7.707342819685614
17,22,7.465721764420721
17,23,6.562565817868027
17,24,7.257878549986277
17,25,7.520066571478221
17,26,8.281093987825948
17,27,7.665845621840852
17,28,6.990140113216203
17,29,5.6464336153149475
17,30,4.478462435540397
18,1,-5.776804955618484
18,2,-0.8842646503180873
18,3,1.8459480943796365
18,4,2.0940813303220693
18,5,5.801472225839653
18,6,6.130613504642067
18,7,4.40365393226303
18,8,3.4105142561483817
18,9,3.532005965145153
18,10,5.07896037471853
18,11,6.825551753749316
18,12,7.835285838993141
18,13,6.957310860853358
18,14,7.942770999350742
18,15,8.087936267486231
18,16,8.458046351636476
18,17,6.48060553595138
18,18,6.28752974676048
18,19,5.583776649436697
18,20,7.7222317462614605
18,21,8.118650093577525
18,22,6.994884081209573
18,23,5.1420281042276095
18,24,5.086528070893671
18,25,3.9691169902588683
18,26,3.126761933878125
18,27,4.248499713764048
18,28,6.111727374047771
18,29,7.039269640035275
18,30,7.591406979854195
19,1,-7.547728027301368
19,2,0.21718910351971488
19,3,0.0005211201003572086
19,4,1.916463209170491
19,5,3.684590408598474
19,6,3.948996411043762
19,7,3.6287965147935637
19,8,6.375864363367697
19,9,6.554416233783137
19,10,6.481383564925991
19,11,6.0736335192176405
19,12,3.0502561316859946
19,13,2.025311121154484
19,14,0.9928583702074736
19,15,2.4136551007409857
19,16,3.5394679144237564
19,17,5.267730470346017
19,18,3.9464459100849467
19,19,2.916341400501988
19,20,2.9401319748830694
19,21,1.1436738570620655
19,22,2.8282162855988453
19,23,5.501407624955458
19,24,6.593300181014204
19,25,6.144950574703191
19,26,6.407707429066214
19,27,4.261601508874474
19,28,2.9938153406705794
19,29,0.9092545804191978
19,30,1.0552571385292424
20,1,-4.1083504053108975
20,2,2.9161998609749133
20,3,3.8770813462279925
20,4,5.937861818972664
20,5,6.6114444669429275
20,6,6.101241989601178
20,7,6.292500010677813
20,8,7.188743851284915
20,9,7.545238988138141
20,10,6.01574938760788
20,11,7.09846546711422
20,12,5.931770970655123
20,13,4.9144598136720425
20,14,7.568858259315569
20,15,8.172129291365962
20,16,7.769832306100817
20,17,7.530781521334056
20,18,6.474487187502305
20,19,6.889130447938179
20,20,5.354248852313329
20,21,5.500439825736493
20,22,6.783380670208892
20,23,6.817310446341764
20,24,6.556337995205457
20,25,7.213784575683995
20,26,4.783117435729103
20,27,5.251527580912697
20,28,7.287066529674391
20,29,7.972147200431518
20,30,6.703715908432905
21,1,-6.894699629041544
21,2,-1.7341258508994812
21,3,3.225107020487794
21,4,3.579667087678491
21,5,5.875742946898548
21,6,4.789889717059207
21,7,3.9202996907857752
21,8,4.87427334513248
21,9,3.4292691690618646
21,10,5.523342092602107
21,11,5.811344952408309
21,12,4.585057150072455
21,13,4.114515631880689
21,14,4.1360094261297995
21,15,2.7905595505798857
21,16,3.9080160961636885
21,17,5.291331599994958
21,18,4.371412442967273
21,19,4.221325646720164
21,20,4.042232799341182
21,21,5.238839489602096
21,22,5.134890274333031
21,23,4.947124309694143
21,24,5.555494475398888
21,25,6.322010002183937
21,26,4.931582921716785
21,27,6.49794404448075
21,28,5.904744520470874
21,29,3.9203924089289544
21,30,5.45829558818847
22,1,-1.8243453926720594
22,2,1.198771437254802
22,3,3.988736783331536
22,4,4.512707062884314
22,5,4.329491204941544
22,6,3.832514734337412
22,7,3.109082226349752
22,8,4.546580597423269
22,9,2.3913718145761216
22,10,2.8873959609186173
22,11,1.0781427167575863
22,12,0.741796102399432
22,13,1.9491177637797783
22,14,1.1737605565590172
22,15,0.00034102405545155534
22,16,0.35925959648727535
22,17,2.510537590776881
22,18,1.7336143371639565
22,19,2.484853276098857
22,20,2.512723045640943
22,21,2.922795648336674
22,22,3.560375093463641
22,23,4.452295909284839
22,24,3.800949313189136
22,25,2.783840964745064
22,26,2.6667397005539613
22,27,1.9969349707731006
22,28,2.386089537159993
22,29,1.5582864929616473
22,30,3.757070479125865
23,1,-6.403007883433905
23,2,-1.8722112685458807
23,3,2.2334504980073255
23,4,6.388847674361006
23,5,7.034436732225561
23,6,6.712364438387471
23,7,6.849127569036359
23,8,6.989193218585665
23,9,6.632097653367129
23,10,6.938618667135842
23,11,4.094303529327355
23,12,8.20662223247992
23,13,7.136035107761529
23,14,7.336954801819033
23,15,7.859216339224204
23,16,8.565731386395274
23,17,7.615189386937697
23,18,6.909181225497715
23,19,7.705530984071416
23,20,6.125298723404967
23,21,5.9889049703513955
23,22,5.082004864015222
23,23,6.538310070767945
23,24,6.755760855739528
23,25,6.007035283041223
23,26,8.287932749208167
23,27,8.949531538798368
23,28,8.200027116709258
23,29,8.481493113640958
23,30,7.365827024881792
24,1,-0.21108447015873466
24,2,6.900407750556699
24,3,6.676862415980477
24,4,7.720968190127852
24,5,7.522400600419591
24,6,6.999143399937395
24,7,5.081345396719026
24,8,6.487855083945458
24,9,6.887530528089844
24,10,8.202205318499445
24,11,6.207066128548181
24,12,3.038380739973391
24,13,4.758550197939307
24,14,3.7080970847972843
24,15,3.538535482082363
24,16,3.597945979498423
24,17,2.314119721993972
24,18,2.73032105516587
24,19,4.094647994502832
24,20,5.76324975877225
24,21,6.117401611550431
24,22,6.803718981629661
24,23,6.604574781471474
24,24,7.130681081086177
24,25,6.406433848456793
24,26,5.8912359522404465
24,27,4.9753173933167005
24,28,4.697375128556192
24,29,6.157321101491622
24,30,7.495233941191657
25,1,-5.582260241817659
25,2,4.86496294406685
25,3,5.539198784846629
25,4,6.735644482922208
25,5,8.204522613549923
25,6,6.599128318076943
25,7,5.586215439525951
25,8,1.8216133884281547
25,9,0.9986888699287544
25,10,1.1615156777205193
25,11,4.136781347343849
25,12,4.223497554771221
25,13,6.244727102274233
25,14,4.9588917318166885
25,15,6.596856080871657
25,16,5.051548178948746
25,17,2.331561389659406
25,18,2.609919758013273
25,19,4.824402962368868
25,20,5.672153241997101
25,21,5.824427654506341
25,22,6.384624052956699
25,23,4.098757529089276
25,24,3.9502659086895697
25,25,3.8379647017930445
25,26,3.5331278103660857
25,27,6.379134789868914
25,28,5.913903091562634
25,29,7.0016631726053475
25,30,4.235946907774842
26,1,1.9825124395464755
26,2,3.6640487665984836
26,3,4.04730793319526
26,4,4.7724105224234386
26,5,3.835150820581969
26,6,5.72896914503859
26,7,4.1019376207693306
26,8,3.782232587813745
26,9,3.9173965502327057
26,10,5.153630747345126
26,11,5.224020044048455
26,12,6.244208852116188
26,13,6.389762604079184
26,14,8.360662327420531
26,15,7.588506772446038
26,16,5.16048715057989
26,17,4.371367550994073
26,18,2.5742792864606088
26,19,4.512903472854319
26,20,3.4093539471410708
26,21,4.230626130026547
26,22,5.872430310804635
26,23,5.104022815543608
26,24,4.316376562576714
26,25,2.462391705085153
26,26,2.452542233756226
26,27,2.1957153091916766
26,28,1.8748716256369526
26,29,5.2103907665790885
26,30,6.72678689848366
27,1,-2.4462638534936207
27,2,3.652550979732119
27,3,6.7217515688474165
27,4,6.763937067248712
27,5,5.726401782834447
27,6,3.876139995024964
27,7,6.43573916199745
27,8,4.347546728399898
27,9,4.061498815066468
27,10,3.4367659064288176
27,11,4.781845917220405
27,12,6.038785198120806
27,13,6.092619390335983
27,14,5.732331159464788
27,15,4.091034654128759
27,16,3.8546781652239446
27,17,3.6396013181081877
27,18,4.804618562497822
27,19,3.4384914448479087
27,20,4.729508783954117
27,21,5.6534866877799
27,22,5.976188902104816
27,23,4.644370266215727
27,24,1.5314821519207218
27,25,1.7782272099199226
27,26,1.8652524586167338
27,27,1.555994431456309
27,28,4.131342723358088
27,29,5.100671114876189
27,30,5.783179627537965
28,1,1.4423287045667639
28,2,1.0092484145079457
28,3,4.126624013643838
28,4,4.880937028917504
28,5,5.102163765239258
28,6,4.663584084462951
28,7,3.861081554145958
28,8,3.177510879150475
28,9,3.7093067939398665
28,10,5.320817116477876
28,11,6.674318728591597
28,12,4.0376748196346135
28,13,3.151774976086056
28,14,3.4979201616412006
28,15,2.174094562206559
28,16,1.2008641028807219
28,17,2.5289591440594457
28,18,3.8311275922341856
28,19,4.9615788155782
28,20,5.739172439105559
28,21,5.223092571019627
28,22,5.057463410380681
28,23,2.539431350559358
28,24,1.7943781667354912
28,25,4.778003993636101
28,26,4.834204359106241
28,27,2.7431804884028743
28,28,1.0671988420520968
28,29,0.5824685898515245
28,30,1.6339523571349837
29,1,-6.406051361478783
29,2,-0.00014118544331864769
29,3,4.859499032536625
29,4,4.111969138652007
29,5,4.830833801514299
29,6,6.038396382465741
29,7,4.471725341584413
29,8,6.384382148689664
29,9,6.477757248075417
29,10,5.761107887900263
29,11,7.045714689304756
29,12,8.551301207504242
29,13,6.938638871924301
29,14,6.4022041212599525
29,15,6.4688750875417576
29,16,5.482200888663893
29,17,5.435921126924693
29,18,5.2389811213388064
29,19,6.3705587020158845
29,20,5.939192583659967
29,21,6.858473325702381
29,22,9.044117618544224
29,23,9.024269248702382
29,24,7.506946546462853
29,25,5.300197694929562
29,26,6.740477901954456
29,27,4.242403852949984
29,28,3.471629042873314
29,29,2.254955171132238
29,30,4.8659014281133715
30,1,-1.6479101116443307
30,2,-2.5272692892287587
30,3,1.8314858508684075
30,4,3.1146692905149322
30,5,3.1130746600463084
30,6,3.0775738110781248
30,7,3.934172206860918
30,8,1.8417738085434472
30,9,4.042280709398199
30,10,5.833195242550104
30,11,5.739273160973752
30,12,5.8972481770198755
30,13,4.902150497246517
30,14,5.696441217625662
30,15,2.283234015185169
30,16,4.474095355916145
30,17,6.056143116868064
30,18,6.509489376379928
30,19,6.799298108414522
30,20,6.458314311924209
30,21,4.981809398670016
30,22,4.335134740790522
30,23,3.847336939872939
30,24,3.2229238901441732
30,25,3.791299514518556
30,26,5.62652302418573
30,27,4.126013841893037
30,28,3.0193734990009347
30,29,4.525617703324688
30,30,3.586705556923569
31,1,4.719191933786558
31,2,4.1951386685747
31,3,6.133023387273841
31,4,4.67867217048941
31,5,6.304008570846172
31,6,6.594072027260324
31,7,6.1841425632073594
31,8,6.976632588287558
31,9,7.906535992014611
31,10,4.999518170016838
31,11,5.993712374814933
31,12,6.1055088972858265
31,13,5.492271090782804
31,14,6.3853937497598565
31,15,5.435395976967097
31,16,5.918245115258788
31,17,5.59995795237916
31,18,3.8454779521051883
31,19,5.718962002361433
31,20,5.470882385464947
31,21,4.644354448031191
31,22,5.64522543881661
31,23,6.658203674254352
31,24,7.015685287914728
31,25,7.270713074504165
31,26,4.209503615618782
31,27,4.999017017277065
31,28,4.911651847143538
31,29,6.111328762630809
31,30,6.1617095970522655
32,1,-5.193701332197568
32,2,0.00020762719605649238
32,3,2.9191557844399973
32,4,5.047279645932807
32,5,6.430640099230768
32,6,7.256147331361433
32,7,6.226590970277005
32,8,5.248572686902207
32,9,4.915551683566431
32,10,2.8184780422332913
32,11,1.270337548372348
32,12,2.4432748329917615
32,13,4.380159608633527
32,14,5.372981924702131
32,15,4.7645673024286985
32,16,5.61481443332109
32,17,4.268766990748951
32,18,3.344181863149398
32,19,5.013036041727538
32,20,6.331386128841238
32,21,5.115431466226411
32,22,6.8836971173774195
32,23,6.353148897996942
32,24,4.689181876814317
32,25,4.140117654573867
32,26,5.9097885970617625
32,27,4.237697810925489
32,28,5.595656335958196
32,29,4.708270023820692
32,30,4.93998474903654
33,1,-3.0602067588759923
33,2,1.1307651040762252
33,3,2.1466946345132456
33,4,2.164130830280257
33,5,1.2796569172751777
33,6,0.5010677052578121
33,7,1.3232983362885982
33,8,1.2447369091441054
33,9,5.025805858487519
33,10,4.869304522512746
33,11,4.3262756691031115
33,12,6.739690038359818
33,13,5.761738697449562
33,14,5.349466607975312
33,15,4.97941528797087
33,16,4.374297342821755
33,17,1.6037836178057
33,18,-0.12282371767820699
33,19,1.2747577050566843
33,20,1.5356944364679936
33,21,1.5012157074723689
33,22,4.065727734735294
33,23,5.001326087220992
33,24,6.016949871112011
33,25,6.09726020528279
33,26,6.2299837037946695
33,27,4.89274858377156
33,28,2.43640420808088
33,29,3.8104415323387215
33,30,2.521538682938907
34,1,-3.408485937110857
34,2,5.030889025192664e-05
34,3,4.256073192443626
34,4,6.097651303036098
34,5,5.932806774841467
34,6,4.0711804335034145
34,7,4.718640113717225
34,8,5.060389484993674
34,9,5.719992123010886
34,10,6.498546827802592
34,11,5.882911659026501
34,12,5.6149892879196734
34,13,6.478129224939092
34,14,5.649164194898706
34,15,5.859461053435151
34,16,5.259369193135022
34,17,5.577280564575716
34,18,5.400548502596465
34,19,6.764658152663603
34,20,5.727569351461078
34,21,7.0231370381776905
34,22,4.614298976874867
34,23,6.7388789816232055
34,24,4.725875243233595
34,25,6.6086295360195635
34,26,3.045202524143331
34,27,7.356687239500605
34,28,5.189155569524839
34,29,7.245160458429407
34,30,4.362507518792832
35,1,-0.00044191255828884835
35,2,0.7197947241275457
35,3,4.029874278048382
35,4,4.740082732664959
35,5,6.903492917774628
35,6,7.080373371794277
35,7,8.042401889023672
35,8,7.305235164329318
35,9,6.765046131723384
35,10,7.7264006061565205
35,11,7.107870899616891
35,12,7.790509143114118
35,13,7.59466611415883
35,14,6.8520247404126735
35,15,7.007120781737093
35,16,6.604588681664538
35,17,3.729032951192419
35,18,0.9949731383468645
35,19,7.926850685180398e-06
35,20,1.4045060937096903
35,21,4.863735881406011
35,22,7.917841854795785
35,23,9.095716137301451
35,24,8.390665597485842
35,25,5.934463744589628
35,26,7.825990670416374
35,27,8.641015261396031
35,28,9.083506738837347
35,29,7.7291462707048915
35,30,6.7874395258706635
36,1,-1.426156963466605
36,2,2.4096226290200278
36,3,4.20454530100983
36,4,4.5698786185919715
36,5,5.558404041537514
36,6,6.411124893145299
36,7,7.556292712695086
36,8,5.934144140119141
36,9,5.3217307175366635
36,10,4.748655348141291
36,11,3.7401126879961915
36,12,5.403079239874067
36,13,4.250301000046438
36,14,4.783822062677338
36,15,5.779160476145048
36,16,5.685734617433521
36,17,6.731336431218235
36,18,7.304257051629193
36,19,9.261872859356714
36,20,8.72734682638131
36,21,8.069292376943025
36,22,5.137082591863752
36,23,4.732541853544809
36,24,6.519803110050212
36,25,7.512422428762044
36,26,6.485119254195695
36,27,6.167178489904259
36,28,5.019891171528677
36,29,5.50952793726908
36,30,5.135788777921391
37,1,-6.059429787503555
37,2,3.053891027527847
37,3,2.891296175724918
37,4,5.678081057606612
37,5,5.268229677960967
37,6,4.4793252639858565
37,7,3.160314073985866
37,8,1.1706338844733377
37,9,1.4408146157310835
37,10,4.5767530710189135
37,11,1.7619186597749987
37,12,4.101142314525006
37,13,5.114331265287024
37,14,2.6646236276779405
37,15,5.152382850537627
37,16,5.153179854646762
37,17,8.320041459112272
37,18,7.425874921695218
37,19,5.210192237768776
37,20,3.7408581414395385
37,21,5.273164686660063
37,22,3.7848812508169374
37,23,4.7625126375721685
37,24,4.203065637707564
37,25,6.041641570986624
37,26,6.238942695527385
37,27,5.5578833616803855
37,28,7.754927686455041
37,29,8.626467492171908
37,30,6.791371458318633
38,1,-5.289866194933728
38,2,3.4576650215237663
38,3,5.813043745535822
38,4,7.427112924955242
38,5,6.6541386293691644
38,6,5.447030155586454
38,7,5.860475899109954
38,8,7.077839854826003
38,9,7.336657095338779
38,10,7.964500962162145
38,11,7.2468481510069545
38,12,6.00471776491295
38,13,6.232723958368542
38,14,6.029469067923355
38,15,4.638175667189593
38,16,3.3365636165393155
38,17,5.1225533788810225
38,18,6.048973375058097
38,19,7.811164970129287
38,20,7.738140997558631
38,21,5.153709848516254
38,22,5.389694041367488
38,23,5.344668781067291
38,24,4.407359191103023
38,25,3.6151188752470347
38,26,5.212252246978682
38,27,7.160180585379738
38,28,6.407950309415465
38,29,4.571482623606741
38,30,5.167682446712686
39,1,1.257222862491865
39,2,-0.806189177740178
39,3,2.116146109572906
39,4,1.2177883592536372
39,5,3.432656928681194
39,6,3.470711287884125
39,7,5.181681432056919
39,8,5.084766684516659
39,9,4.557649118282676
39,10,3.8350793984527165
39,11,6.075321757130833
39,12,6.650813017237475
39,13,6.1075145694355335
39,14,7.25084428410765
39,15,5.730077669814975
39,16,5.788198850107381
39,17,5.200680254637156
39,18,0.8654128621068669
39,19,4.878793523729421
39,20,4.468682850972769
39,21,5.289455403498543
39,22,1.5912618542763113
39,23,2.638684604638076
39,24,4.402921857482067
39,25,4.866975682728352
39,26,3.5596873095034383
39,27,4.978944208573406
39,28,3.416034244815318
39,29,3.9813799843900384
39,30,3.074489893441175
40,1,-3.8736071684074744
40,2,-0.007522794396013666
40,3,-0.20882951778186687
40,4,4.616775498891361
40,5,3.8940474808394114
40,6,3.1574624702687473
40,7,3.1343226615897812
40,8,3.0839218997069153
40,9,0.33775904470247653
40,10,1.0560605684864655
40,11,0.6084617461143953
40,12,1.3444931924364099
40,13,3.2539578874457185
40,14,1.879041011451534
40,15,2.015137176891592
40,16,4.4192044821187295
40,17,5.312480813849813
40,18,4.536508662410778
40,19,3.486513454190419
40,20,4.619185405150333
40,21,5.052741689708487
40,22,4.519209507741131
40,23,3.8358293083242536
40,24,4.23920567053986
40,25,4.997364477874211
40,26,2.04033008622417
40,27,1.6727460074047897
40,28,1.0281437824164499
40,29,4.408461029290489
40,30,4.980141073531332
41,1,-6.165577550024407
41,2,3.512722237709685
41,3,1.2671282030494257
41,4,2.8119039408362063
41,5,4.232007786931099
41,6,3.9616568722715186
41,7,2.926091138470696
41,8,3.4595652964651897
41,9,4.69557530024008
41,10,7.124230666995825
41,11,8.058294481418937
41,12,8.61488211231898
41,13,7.237711110458715
41,14,6.44900740638424
41,15,7.45586395899538
41,16,3.5982693041724616
41,17,6.8278024239508035
41,18,6.168253804145916
41,19,3.3444363271600643
41,20,5.604251016008888
41,21,5.93587665150466
41,22,5.524130208686316
41,23,6.2105253302851295
41,24,6.8746826921564335
41,25,4.74096563391841
41,26,3.9712362188090644
41,27,5.324787455145703
41,28,6.048937279158302
41,29,7.378139768588966
41,30,8.419237502188519
42,1,-1.047982370856472
42,2,4.794832358599251
42,3,3.9262566586579872
42,4,6.744390265247915
42,5,7.269564091097017
42,6,5.26161472990804
42,7,5.23138788787292
42,8,6.63854718022036
42,9,8.370292632236062
42,10,7.59555042891953
42,11,7.42457384214417
42,12,5.574065309931086
42,13,5.0118917446533935
42,14,5.150527979393544
42,15,3.0173515546075897
42,16,4.7250028727075915
42,17,5.040266628203163
42,18,6.778706773593534
42,19,7.502836927447088
42,20,6.808713253731575
42,21,7.072776409650061
42,22,5.206767359413092
42,23,8.209507128748797
42,24,6.668278116724299
42,25,3.7732830044806
42,26,0.9501136185389232
42,27,0.32072798343867426
42,28,0.9794315765689543
42,29,2.5254709809139193
42,30,3.682897462423661
43,1,-5.346418175000748
43,2,-0.6372759399020964
43,3,3.2641130851374456
43,4,4.478617490552896
43,5,6.3583066225286125
43,6,5.746857493636178
43,7,7.009240991222679
43,8,6.422336778736774
43,9,7.308579858953575
43,10,8.319911218236975
43,11,8.025141265805914
43,12,6.948134146761575
43,13,7.482239727118294
43,14,5.715923237002581
43,15,5.789589713429244
43,16,4.493233089583658
43,17,2.8248916858442854
43,18,3.160170920370369
43,19,5.362681515148985
43,20,6.187495177232876
43,21,5.898418002482373
43,22,6.4648039431647035
43,23,6.414426566184353
43,24,8.676051817386693
43,25,8.413002708876427
43,26,7.004500331326348
43,27,7.503844153877946
43,28,7.841740468770318
43,29,6.683822383220679
43,30,5.153069762993024
44,1,1.5657717161882605
44,2,6.3926026974655485
44,3,6.7165572286333095
44,4,6.060873890400089
44,5,7.016944303490899
44,6,5.871453980954776
44,7,4.703664547681402
44,8,2.8456066311371977
44,9,4.338789404128477
44,10,4.111391994593912
44,11,4.354081051306004
44,12,4.622715517561659
44,13,4.568680147649644
44,14,4.9109862894035
44,15,5.639598593841878
44,16,7.110462763192118
44,17,7.001203479732915
44,18,4.652165049997755
44,19,4.817835387185994
44,20,5.644993775015028
44,21,3.7099284273549777
44,22,6.506192430593057
44,23,6.109916023694286
44,24,4.623997405469204
44,25,4.257497556773114
44,26,3.6756385026708003
44,27,2.44468297320379
44,28,1.7078067187301897
44,29,2.163908111298934
44,30,2.2841241298563517
45,1,-1.9807941499257655
45,2,-0.00023072179181582442
45,3,0.5799155169980299
45,4,0.7952213076874504
45,5,1.5971377389840633
45,6,1.6915972927358283
45,7,1.6028453283513766
45,8,2.6116534099105664
45,9,1.1530670517314814
45,10,1.3981281724072918
45,11,2.5829186269331323
45,12,2.2911735736797674
45,13,2.489109484152369
45,14,2.7925380005787765
45,15,3.5238933649712223
45,16,0.9506253890898773
45,17,1.0315027898640672
45,18,2.4386348103807265
45,19,3.100229009051187
45,20,3.739171155202129
45,21,4.106606649709612
45,22,2.841638028473838
45,23,2.3079997350897443
45,24,3.0140174010204426
45,25,0.9516222064175892
45,26,1.7106682317080342
45,27,0.460218121785708
45,28,1.956814839467949
45,29,0.5564775313793184
45,30,0.2524682764291093
46,1,-9.216963697370883
46,2,-1.8543915014466865
46,3,3.442440781616124
46,4,6.398055784543747
46,5,7.035440033421462
46,6,6.944473101872681
46,7,5.241478311073976
46,8,4.788586848830398
46,9,5.1452374747101395
46,10,7.263348231870257
46,11,7.829151054644953
46,12,6.776818282458983
46,13,4.708640571979771
46,14,5.772716399041414
46,15,5.834092966354643
46,16,6.758694325918313
46,17,6.3206100860774725
46,18,7.821044092312075
46,19,8.654087086843656
46,20,6.860586686132994
46,21,7.068379101151997
46,22,6.079138189000474
46,23,5.096707073414137
46,24,3.327013695202517
46,25,2.6293355154196476
46,26,4.35087331098099
46,27,5.833634306876771
46,28,5.586444364884638
46,29,7.448105388046386
46,30,7.391258022704516
47,1,-0.6606499654269253
47,2,-0.9768544755733704
47,3,1.7839991150184034
47,4,0.8030835609598128
47,5,2.2535298586480117
47,6,1.5905705596933615
47,7,3.0288021930144815
47,8,2.470994121759567
47,9,4.6862254966343
47,10,4.755671113342071
47,11,4.767356322110299
47,12,5.200246694235236
47,13,5.720935874110808
47,14,6.905477917810675
47,15,6.173625138434048
47,16,7.287550887970582
47,17,7.848173934321803
47,18,6.485171408385529
47,19,6.336991297027119
47,20,5.901998678236179
47,21,4.077917962680413
47,22,5.534770886639418
47,23,5.936322447608333
47,24,5.703205218712075
47,25,7.010297703514155
47,26,5.731260140244956
47,27,4.535877933248457
47,28,3.741018877723924
47,29,5.630981243582426
47,30,4.708555840245584
48,1,-2.520655325515799
48,2,-0.11193654950706211
48,3,1.3087314882559067
48,4,2.817514245095225
48,5,3.4967114456585975
48,6,3.58115331548505
48,7,6.891417331204007
48,8,6.0268253362265405
48,9,6.531555696016401
48,10,8.033491941698902
48,11,5.978230052417796
48,12,7.751116926846272
48,13,5.6987357587327665
48,14,4.064640561347993
48,15,6.649147837492503
48,16,7.093970262544396
48,17,5.913487440480548
48,18,5.5159753470513415
48,19,5.478556087512889
48,20,6.268381330471858
48,21,7.231757555632296
48,22,6.403261132115741
48,23,6.33940608525306
48,24,4.217955060522257
48,25,5.074971817096937
48,26,7.999012942676856
48,27,8.595361922674517
48,28,8.05268395250523
48,29,6.877947088377269
48,30,6.313455277338708
49,1,-4.018707123817702
49,2,2.0754263175188292
49,3,3.7676370803706156
49,4,5.444659657234254
49,5,4.7766702393026605
49,6,2.6376238409960564
49,7,3.8483080501338733
49,8,5.5475089855786095
49,9,6.419579290421549
49,10,6.8187535112177535
49,11,6.360914674354525
49,12,5.0619560143289455
49,13,3.160864078225167
49,14,3.963220286985834
49,15,4.541153406624439
49,16,4.9684426273025295
49,17,5.852775759817018
49,18,5.583325739776587
49,19,5.915671598743774
49,20,5.259183950778688
49,21,5.868937643048724
49,22,4.996849372358728
49,23,6.05266057017543
49,24,5.1928605547997435
49,25,3.0120424238881576
49,26,2.2568609375595763
49,27,5.141715958952322
49,28,6.027128366034891
49,29,5.574480699777752
49,30,5.345432808125288
50,1,-5.84331443011231
50,2,0.8272833219728604
50,3,5.3080625033122
50,4,4.279770123282937
50,5,4.424579141389309
50,6,5.898862570122365
50,7,6.841998458542989
50,8,7.990993967454536
50,9,7.256084402510009
50,10,6.5000013142427555
50,11,5.937666191874978
50,12,4.3567215203139895
50,13,1.38861553776397
50,14,1.2564213931461747
50,15,3.4009222623726387
50,16,4.528124852944277
50,17,4.444294101214474
50,18,7.296872680529866
50,19,7.77319221447253
50,20,5.8645033122267485
50,21,4.858716758007006
50,22,4.875604709830899
50,23,5.0871948436834415
50,24,5.358301703066225
50,25,5.639637803151707
50,26,2.2741923824542916
50,27,4.5654748632104365
50,28,5.355789546213931
50,29,5.029115637409991
50,30,4.643418047932425
51,1,-6.414456795430326
51,2,-0.3718618180797897
51,3,2.1226098262792092
51,4,5.7362592470822555
51,5,7.30293498615892
51,6,7.518841157178546
51,7,6.574604138334113
51,8,5.43867481367726
51,9,4.747888554062083
51,10,5.934990951308855
51,11,5.368629566646501
51,12,3.8601398276405163
51,13,4.778672689750202
51,14,7.2886141527935
51,15,7.317592892490431
51,16,6.9612755716215915
51,17,5.863916141987875
51,18,6.080651437838121
51,19,5.958498862625245
51,20,5.820455757519326
51,21,5.98887616234666
51,22,5.024209203153717
51,23,6.968904813713419
51,24,7.044968751608046
51,25,6.474436277848881
51,26,4.306178299556684
51,27,3.452006309714399
51,28,4.097494654467916
51,29,2.0010127831886457
51,30,3.3752138016285755
52,1,-0.552411119387255
52,2,7.367589733330288
52,3,7.113370840325793
52,4,7.32447305894636
52,5,5.095769737991223
52,6,4.85688679690271
52,7,3.919045680185807
52,8,3.695149930414736
52,9,7.263642606927771
52,10,8.10309279183284
52,11,6.816514756893547
52,12,6.888273950936306
52,13,6.757420267151776
52,14,8.157448423205842
52,15,8.02278538450529
52,16,6.248090338333487
52,17,8.375991145636707
52,18,5.16422161968142
52,19,6.555968635046135
52,20,5.310249518653951
52,21,8.28726169527189
52,22,7.712441381007025
52,23,6.482594965872249
52,24,4.844651325618507
52,25,5.271385683367761
52,26,5.6006429838784015
52,27,7.20900337899856
52,28,9.038007479393421
52,29,9.532907911226353
52,30,9.36592018629527
53,1,-3.8133940988804564
53,2,1.3014417996319576
53,3,4.473490101083094
53,4,6.47048459014875
53,5,8.072374118837914
53,6,9.293838344364968
53,7,8.562309726459358
53,8,8.673999237347395
53,9,8.554561411381552
53,10,7.678480886006696
53,11,7.410349901734577
53,12,9.397886040449684
53,13,8.012412121519993
53,14,7.603334267969974
53,15,6.87698439806568
53,16,5.038522612067688
53,17,5.634915230893537
53,18,5.80065599275725
53,19,7.0595176263277395
53,20,6.006899978305697
53,21,4.693146785483876
53,22,7.784619620344905
53,23,7.209302325546098
53,24,6.205964079032267
53,25,8.118000090734899
53,26,7.2582926365179645
53,27,7.458304083049715
53,28,7.467669485980839
53,29,6.9711427826653924
53,30,6.215910615177059
54,1,-3.113910055664485
54,2,1.3503708846587514
54,3,5.959362163869656
54,4,7.0004470232027245
54,5,6.906614467288378
54,6,5.062079310128613
54,7,3.1992470970853972
54,8,6.451579661340457
54,9,5.808611007649787
54,10,7.267232185654439
54,11,6.74807228753285
54,12,5.142365409393854
54,13,5.405044361682123
54,14,6.324564116947162
54,15,7.063414310715668
54,16,6.931779301608525
54,17,6.577194549202581
54,18,4.6253400656810015
54,19,3.5132000148505043
54,20,5.056287187232499
54,21,7.406357841133179
54,22,6.347841387803033
54,23,5.772347122506897
54,24,7.514070029428993
54,25,7.316340453806575
54,26,8.492746814354991
54,27,9.38159509017915
54,28,7.754894124633452
54,29,7.3520643990534005
54,30,6.853458299855959
55,1,7.906148859149198e-06
55,2,1.887196855241502
55,3,6.129017468187445
55,4,7.909386868785123
55,5,8.184027510119297
55,6,9.622759481237157
55,7,8.578076050337884
55,8,5.070558676372126
55,9,7.5266350183534705
55,10,6.4534008397061235
55,11,8.176031619772196
55,12,9.006753106609072
55,13,6.115779988892275
55,14,6.682811439082965
55,15,8.539130316236466
55,16,7.0860432378841125
55,17,6.606047206450494
55,18,9.08608321219874
55,19,7.987599712727061
55,20,6.61685288700895
55,21,9.435685284228796
55,22,8.782142870778593
55,23,8.041919603005574
55,24,9.962638817125377
55,25,8.053520219029664
55,26,8.499848742978063
55,27,6.614220639617152
55,28,6.78489164148818
55,29,7.867470714295429
55,30,6.979619658160775
56,1,-3.7722381474555924
56,2,0.14322717738118484
56,3,0.06623846558662194
56,4,4.815308212205249
56,5,3.806534860925833
56,6,0.897276739993341
56,7,2.8809066290380976
56,8,4.563478625009978
56,9,3.327125124972195
56,10,4.189785958628459
56,11,4.391796928988455
56,12,4.4402389868968015
56,13,6.3435224860792765
56,14,6.586199521181214
56,15,8.549505652305307
56,16,7.854924097351361
56,17,8.206127584684573
56,18,6.760913131012721
56,19,5.396996692948772
56,20,5.018112010355235
56,21,5.514496426472046
56,22,5.615120221162993
56,23,4.8786382220113325
56,24,4.033999352702324
56,25,5.529035653906124
56,26,6.1286686106879245
56,27,5.439971512616417
56,28,5.080863420241556
56,29,5.564762736287502
56,30,5.74180821011711
57,1,-6.7202944375911295
57,2,5.78333557167031
57,3,5.084603440164152
57,4,4.615977587571901
57,5,6.75032292838673
57,6,6.108953956944237
57,7,4.307705866851407
57,8,4.821284605545326
57,9,3.482482002451558
57,10,1.3358713998470026
57,11,3.7711385277312885
57,12,4.825470215395473
57,13,6.601167665727409
57,14,6.603525340483678
57,15,6.660009218058189
57,16,5.887714801886144
57,17,4.393609269492391
57,18,4.5692211927594855
57,19,4.54202643351536
57,20,3.464592582678044
57,21,5.623908530498348
57,22,8.326114416248487
57,23,8.525028634078936
57,24,7.610639091423209
57,25,7.387580764591483
57,26,6.210254400001052
57,27,5.307239539453331
57,28,4.9670032318769834
57,29,6.400912530476123
57,30,4.582810261354361
58,1,-4.1111461086487715
58,2,2.7248341211449016
58,3,3.344469759807005
58,4,5.1838091715604975
58,5,5.520379922737728
58,6,4.037577345479246
58,7,3.4640241064254234
58,8,3.5310229740700514
58,9,5.73552491498711
58,10,5.409891509109837
58,11,5.61751102928643
58,12,7.099092580965557
58,13,5.331636158339805
58,14,5.248895437520659
58,15,5.298182771776762
58,16,4.2635494156440075
58,17,4.033438788003743
58,18,6.089903845529545
58,19,4.3217597734951205
58,20,4.666097746060931
58,21,3.210755689736054
58,22,2.316669215704792
58,23,3.279242529030224
58,24,2.182213890935241
58,25,0.2870411767312504
58,26,-1.5417543271581255
58,27,0.5920913722385759
58,28,0.7895958516096719
58,29,2.629128077303914
58,30,3.060324687993358
59,1,-0.0002043493770713667
59,2,0.22975538949610375
59,3,2.0739433896528645
59,4,4.2694501004359395
59,5,4.892189187885194
59,6,5.666824605535101
59,7,6.119112762999034
59,8,5.145378453143035
59,9,4.003170232416778
59,10,3.4839814103836275
59,11,4.658586738951353
59,12,4.9499380157988035
59,13,4.12844142113244
59,14,3.455285389617302
59,15,3.8469909034305445
59,16,5.096788366858828
59,17,6.3649643469358494
59,18,6.831446699380852
59,19,6.431431675260633
59,20,5.269689851882571
59,21,4.682531545508887
59,22,2.697459553140387
59,23,3.5723867173573147
59,24,1.2401654792717718
59,25,2.0961742380372286
59,26,3.546270809345213
59,27,5.788363372952766
59,28,6.3504512963898065
59,29,6.499286547215931
59,30,7.068160355712866
60,1,-3.7057344674142794
60,2,3.47372783142913
60,3,7.529616502503341
60,4,8.375699533748232
60,5,8.7425337728715
60,6,7.133112515966804
60,7,6.609226497837696
60,8,8.13652213232091
60,9,6.069245020174218
60,10,6.867018151661
60,11,7.545093023750315
60,12,5.903836491514923
60,13,6.153653729305709
60,14,4.330892359605208
60,15,4.615250030788218
60,16,2.8829357668039783
60,17,3.037279945398069
60,18,3.943092511643229
60,19,6.891288961171302
60,20,7.532419757316749
60,21,8.534203570610845
60,22,7.2110048161339435
60,23,6.336685389574338
60,24,7.035397251609876
60,25,6.052386325167507
60,26,6.056983141547384
60,27,5.31960488687584
60,28,7.2652374500079695
60,29,8.796773678996107
60,30,9.052582939052268
61,1,-4.52309179205824
61,2,-1.8636294874704742
61,3,1.9099709291052633
61,4,2.344262384657057
61,5,4.216936200908702
61,6,6.2683148111502085
61,7,6.28223753511821
61,8,5.541565718962087
61,9,6.490430630788847
61,10,2.9700500536051457
61,11,1.8602899869228224
61,12,2.3290946634490055
61,13,4.621643477222076
61,14,4.013638819165838
61,15,5.824063896581752
61,16,6.739950346525887
61,17,5.530105928442829
61,18,2.9339879289930586
61,19,3.683342995754458
61,20,3.1484641298147658
61,21,1.817713397561782
61,22,-0.7083571669823225
61,23,1.9281357559986851
61,24,2.9874916547800936
61,25,1.8286896346267838
61,26,3.7213635226944035
61,27,4.213507708215992
61,28,2.8471981782872255
61,29,5.162138385461915
61,30,6.381284695693758
62,1,-0.9439891019988469
62,2,-1.2410667919101055
62,3,2.086929141982136
62,4,4.956424723110082
62,5,5.79911062512986
62,6,5.462988413275681
62,7,5.211487176930312
62,8,4.5496852021526735
62,9,6.725988504829903
62,10,6.350458602045112
62,11,5.759716802242362
62,12,3.5073865974574474
62,13,2.602364883494065
62,14,1.827387974042633
62,15,1.3653832348545247
62,16,1.5835889684455147
62,17,2.7931690817644004
62,18,4.35065826938143
62,19,6.88134574082995
62,20,5.77386811648087
62,21,4.537338316593544
62,22,4.9028099136245835
62,23,5.43227543755977
62,24,4.299234246327412
62,25,4.616194769258666
62,26,5.0292783791097015
62,27,3.7427316378193964
62,28,3.258327334095206
62,29,2.3546308232099307
62,30,2.0287645764178954
63,1,0.8081714474621258
63,2,4.491289553086293
63,3,7.44051497804449
63,4,9.005117330716327
63,5,10.247624048523246
63,6,9.408307115999374
63,7,8.519612195778492
63,8,6.854209215304703
63,9,7.336619136566309
63,10,8.134592289960867
63,11,8.823864949392252
63,12,7.524080657958201
63,13,4.918207291685846
63,14,7.416417140380275
63,15,8.43895212340757
63,16,8.715787650379738
63,17,8.155458318465232
63,18,8.273538083408912
63,19,9.284735015427444
63,20,10.051903959652574
63,21,9.421065636482865
63,22,9.187375538540575
63,23,7.795541006075833
63,24,6.620571258821251
63,25,5.208549965938527
63,26,6.395215322996929
63,27,6.777399676530916
63,28,8.070468495941821
63,29,6.395527519876584
63,30,6.997976342150487
64,1,-0.9264563352018271
64,2,3.9310213392032836
64,3,7.076521879048201
64,4,8.408404682184791
64,5,8.231029266855927
64,6,8.639163514652175
64,7,6.785771219769476
64,8,7.6248500168947615
64,9,7.614173372461895
64,10,5.416868133942053
64,11,5.850271684970579
64,12,7.517119305556427
64,13,8.378720215901787
64,14,7.768922762774579
64,15,5.8966963099687675
64,16,7.103027184920954
64,17,6.730248151484616
64,18,7.730327759624647
64,19,6.320598582395146
64,20,7.11595747891468
64,21,6.048559403103901
64,22,3.5983739128481176
64,23,3.9700639922571703
64,24,3.689693611960468
64,25,3.534084408191223
64,26,7.141976537954587
64,27,7.29364280225662
64,28,7.380345489498094
64,29,7.234061942035094
64,30,4.408515783216977
65,1,-0.7197522812492991
65,2,5.143763611960097
65,3,4.057511795442636
65,4,5.528860967025594
65,5,5.558713660003328
65,6,4.415280838626742
65,7,4.909195675240465
65,8,4.1624987142697805
65,9,4.634177815212638
65,10,6.046545316596866
65,11,5.043490020304727
65,12,5.895825463665297
65,13,7.056933693668562
65,14,8.461645797646497
65,15,7.432061821730528
65,16,9.093438502058898
65,17,8.536081669050201
65,18,9.476080227825449
65,19,8.129753823199366
65,20,9.069136904229353
65,21,8.51109083539611
65,22,8.104344620619248
65,23,7.370602418566033
65,24,7.188045424769452
65,25,7.491892779476881
65,26,8.403292530270285
65,27,8.35268749996403
65,28,7.117288294713923
65,29,7.360595817447347
65,30,3.847221934348326
66,1,-0.4298271493044563
66,2,-0.0858776425512886
66,3,1.220409383295328
66,4,2.5446554850228083
66,5,3.2100356832076677
66,6,1.6696364959264116
66,7,2.4063716411916865
66,8,2.2384028323273846
66,9,1.4533854603163228
66,10,1.7374329555005374
66,11,4.01410545602236
66,12,3.1319519676947607
66,13,3.812013614711592
66,14,2.7309174549470008
66,15,0.8817149255135011
66,16,-3.368148732915836
66,17,0.06969742725146233
66,18,2.320799951977566
66,19,2.103590560585257
66,20,0.00021248646979898922
66,21,0.6938020557615463
66,22,1.5092687173366564
66,23,0.7935485134991023
66,24,2.812758560603502
66,25,3.8070402858376617
66,26,6.174479952780747
66,27,5.09156957409186
66,28,3.6555500063155932
66,29,0.4381974688912855
66,30,2.5479589532418068
67,1,-5.391405231330333
67,2,3.945467302943271
67,3,1.8439053358183948
67,4,3.2259871519380283
67,5,3.7410435111055307
67,6,2.5949438000705953
67,7,2.7613089065621352
67,8,4.932161048574589
67,9,4.430400359844658
67,10,3.835415043623101
67,11,3.3583424030617373
67,12,4.687835528517752
67,13,5.336742832778118
67,14,4.424532885920513
67,15,5.599414137353346
67,16,5.6260979465755305
67,17,5.566327394829749
67,18,4.586165482116861
67,19,4.5883382439769385
67,20,3.4303727958292463
67,21,3.5088212464061854
67,22,4.639363824454403
67,23,3.5414805520833177
67,24,3.6147638818180177
67,25,4.024034380300915
67,26,5.288172197060469
67,27,4.294006456674545
67,28,2.269039300761289
67,29,3.1168842838740787
67,30,4.484143518535365
68,1,-3.8768980402080455
68,2,-0.25889290024153055
68,3,0.40407205399633206
68,4,1.6654389346018057
68,5,1.4872298847176282
68,6,5.012280902635688
68,7,6.395101020402603
68,8,7.185353622192924
68,9,7.221454160133508
68,10,7.687157831419171
68,11,7.615881122222799
68,12,7.515442104021815
68,13,4.510884186243356
68,14,5.897359005738235
68,15,6.104556042519427
68,16,8.082314533923856
68,17,6.642232505656153
68,18,7.218820405291442
68,19,6.828290891091321
68,20,6.77686823878533
68,21,5.069335570078707
68,22,5.638109693040143
68,23,7.642622789650311
68,24,6.542952836535399
68,25,5.829955573065025
68,26,4.181956287238723
68,27,-0.00042684260786174377
68,28,2.012374175032832
68,29,4.503405950356093
68,30,4.8755086384481
69,1,2.606149593309677
69,2,0.06333854272298822
69,3,4.641275856682199
69,4,4.840362410801383
69,5,7.105076162177024
69,6,8.19560692761197
69,7,8.282485650366052
69,8,8.492299370434282
69,9,7.782647709991121
69,10,7.475876511599129
69,11,7.647080878129376
69,12,6.773904356631228
69,13,7.7906216096558865
69,14,7.795784072142418
69,15,6.849510811815673
69,16,6.319634492652135
69,17,6.896478269917097
69,18,6.554614446148882
69,19,7.146471276878369
69,20,7.24695383257766
69,21,7.940692831445631
69,22,6.953323461610601
69,23,8.000928526477392
69,24,8.884864706524397
69,25,8.18559555764293
69,26,7.8819117976517035
69,27,8.069484781621682
69,28,7.321623920749907
69,29,6.550680011747215
69,30,6.640709996217584
70,1,-3.5672843818464717
70,2,1.2997522146210425
70,3,4.396922713408156
70,4,6.966807733724014
70,5,8.191490070314703
70,6,7.993648483804108
70,7,6.974355817729023
70,8,6.290753100674376
70,9,4.721938525242557
70,10,5.679603166168821
70,11,6.778062134541354
70,12,4.045242094428392
70,13,7.0588450159064315
70,14,7.795362489730881
70,15,7.846713368018715
70,16,8.78189241658519
70,17,5.467750820143127
70,18,6.764232198554797
70,19,4.176254539577997
70,20,6.1422940995451825
70,21,6.754277205440662
70,22,6.755329293095411
70,23,5.42220462420611
70,24,7.275510630071306
70,25,5.902832083654616
70,26,4.980447375596363
70,27,3.568492353802526
70,28,4.213344956053003
70,29,4.583106442999256
70,30,5.110807252432128
71,1,-7.228362367790008
71,2,-3.8369602024325644
71,3,1.5558980364244466
71,4,3.58688522315612
71,5,4.126257420766951
71,6,5.098099585108422
71,7,3.4471522660988256
71,8,3.1604899522600256
71,9,-4.103232111773991e-05
71,10,1.596949182075413
71,11,4.537399897218755
71,12,6.108582486167148
71,13,6.367234439493547
71,14,6.426277422984686
71,15,7.098600953883182
71,16,7.917097475857286
71,17,8.00087502069466
71,18,6.90895508760055
71,19,6.426359984419289
71,20,6.178044746009974
71,21,5.191353438923986
71,22,4.695375966490584
71,23,4.761267383394458
71,24,4.237268186527388
71,25,3.016798782785756
71,26,1.9450449686135478
71,27,3.5564185740745167
71,28,3.9220222386166235
71,29,2.8209927608701832
71,30,5.893485360499767
72,1,-3.930522505918521
72,2,2.229903444225261
72,3,4.13910903255708
72,4,5.360463998316895
72,5,5.423256655773365
72,6,3.8684835584457247
72,7,4.388840785647432
72,8,5.3463816681991325
72,9,3.2847916595149798
72,10,2.836220963494412
72,11,4.835963367084847
72,12,3.3045920308467878
72,13,2.2047761416720597
72,14,3.2567687357499615
72,15,0.5635909171026992
72,16,1.5791876938870288
72,17,3.991509381136918
72,18,4.661631329923395
72,19,5.08344722590742
72,20,5.242047005731038
72,21,2.5668519941144936
72,22,2.010332456581647
72,23,1.8297031098205174
72,24,1.9001065616706505
72,25,2.1286480351067425
72,26,2.3311860490542564
72,27,2.337119958107536
72,28,2.790129105380853
72,29,4.29614894010593
72,30,4.496631867735893
73,1,-7.7437291106453925
73,2,-0.05857937428640447
73,3,1.4500005720586273
73,4,0.00014155304082308362
73,5,2.1196727329498835
73,6,0.2574305526370466
73,7,0.048940797642794465
73,8,1.4116788820834572
73,9,1.790282674258723
73,10,0.3566370229270852
73,11,1.8910882300411593
73,12,0.00010435765426919374
73,13,0.9565437606918774
73,14,1.0325608586575576
73,15,0.5249410122592781
73,16,0.6184420001132196
73,17,1.7013561381084301
73,18,2.20423272768916
73,19,0.40036424667239956
73,20,0.37854010788217707
73,21,1.2956647140295008
73,22,2.619131743506731
73,23,1.357668231230699
73,24,0.354175012985138
73,25,1.8462415626246447
73,26,0.7123246000844361
73,27,0.3511833592981475
73,28,1.5015312609794211
73,29,3.4754143453622603
73,30,2.0219966536331064
74,1,0.6789311623562391
74,2,2.3292634809155714
74,3,4.144093525912172
74,4,5.483839551614764
74,5,4.991769428358278
74,6,2.6566894048708285
74,7,1.3637165123201882
74,8,0.49555222199642834
74,9,1.5770047522187838
74,10,2.09252366225963
74,11,2.8192632269556412
74,12,5.875965554128779
74,13,4.260828066965487
74,14,3.4741229988883475
74,15,3.3537071266124556
74,16,3.120080444896619
74,17,1.2404474828207732
74,18,3.0267389659303383
74,19,3.300002131891958
74,20,4.23210012125644
74,21,5.055413923856506
74,22,6.005592432875321
74,23,5.832362705407359
74,24,5.678981645876696
74,25,6.784163563642
74,26,3.1685023850345715
74,27,4.487080063428362
74,28,3.5542684305785848
74,29,3.6935494676371547
74,30,3.041087148421319
75,1,-4.169328768016127
75,2,-0.8631990323851646
75,3,0.0003124756110484128
75,4,1.7271405774645032
75,5,4.691277128286735
75,6,4.678904027716683
75,7,5.480623146983866
75,8,4.888879866854204
75,9,3.9478815519627517
75,10,4.510659051419193
75,11,5.393286225639645
75,12,3.243246939844326
75,13,1.4587672630723763
75,14,1.7310266098572562
75,15,4.517719363336969
75,16,5.110605565345704
75,17,7.6891429339539314
75,18,8.000449071674886
75,19,5.5188185537286145
75,20,2.6282613435868
75,21,1.61483570795696
75,22,2.159832694291566
75,23,3.8395746587526354
75,24,5.325390410398725
75,25,5.871065657948801
75,26,3.4404844593594532
75,27,4.5974498685819185
75,28,3.595282010559284
75,29,3.148685324517192
75,30,2.8361051453494284
76,1,3.805882450795469
76,2,1.8665148666685276
76,3,6.326943576328485
76,4,6.51848778385925
76,5,7.075029247614427
76,6,6.230343120118789
76,7,3.0985003589446336
76,8,3.9625586817847562
76,9,5.404313695115913
76,10,6.16528092509434
76,11,8.139649150306525
76,12,8.393044825780713
76,13,8.12405080883164
76,14,5.403348550567035
76,15,8.454656025574447
76,16,7.2463167598361125
76,17,7.235560164961296
76,18,6.665005249330186
76,19,4.99376981807983
76,20,5.275018436422723
76,21,5.772118877453959
76,22,5.107862942074416
76,23,5.6224850684623
76,24,6.357357221692631
76,25,5.42330184729164
76,26,5.13777105631609
76,27,4.219691060878393
76,28,2.8517882290967442
76,29,3.360212230974586
76,30,4.753108368735951
77,1,-1.4534141311668076
77,2,-0.8746300686915731
77,3,3.0327863402469255
77,4,5.682547293528923
77,5,5.2481499908526885
77,6,3.369963457053313
77,7,3.3472228290187296
77,8,5.448519507392756
77,9,4.045541663519881
77,10,3.953571145350672
77,11,4.644576416408494
77,12,4.618387693723314
77,13,3.2621530257294324
77,14,5.670889834890005
77,15,6.741504197958893
77,16,6.9376072972843374
77,17,7.503916953731558
77,18,6.069151089161654
77,19,5.867513647081772
77,20,3.952428074163702
77,21,6.080746495255465
77,22,7.124595212619134
77,23,6.058724765004037
77,24,6.075109370285112
77,25,5.103808335598302
77,26,3.8323492044972056
77,27,6.296059317586582
77,28,6.771262503283236
77,29,5.668554726858911
77,30,7.072504299436112
78,1,-8.042138702953348
78,2,-3.5447985210233757
78,3,-2.2882754157637155
78,4,-2.097456353155561
78,5,-1.7636432092639396
78,6,0.7529438756611793
78,7,2.58209869916298
78,8,3.2964396297514895
78,9,4.309626846103633
78,10,4.281067241205456
78,11,3.45898967945989
78,12,1.9261277062054738
78,13,3.701972628089443
78,14,2.955375052746213
78,15,3.126573274635593
78,16,0.9266764599661119
78,17,3.266701477417069
78,18,0.8633517349362059
78,19,3.5012840231093456
78,20,4.78439445166811
78,21,4.519392457342452
78,22,4.819070487591361
78,23,4.921325150195706
78,24,5.125753394114767
78,25,5.988229858899572
78,26,6.691871577231371
78,27,5.570475266309881
78,28,5.942513233944517
78,29,4.693132071361962
78,30,5.066428831761012
79,1,-10.133876900883621
79,2,1.254994839495378
79,3,3.4440573333047837
79,4,4.271554376398846
79,5,6.908814550004337
79,6,7.975537703856837
79,7,6.848137603253196
79,8,6.468051571226418
79,9,4.522919404681847
79,10,3.330762049606111
79,11,2.4601796390033
79,12,4.697969947646513
79,13,6.640328650369863
79,14,7.512278502507609
79,15,6.4339498348030055
79,16,5.105913190991327
79,17,7.834917400807438
79,18,7.628630792082728
79,19,7.796375927331528
79,20,4.594087325513286
79,21,5.979703574065272
79,22,3.015006944777838
79,23,3.851976747041249
79,24,3.312045888008612
79,25,3.4552040170835987
79,26,3.1147812331382028
79,27,5.493189724967841
79,28,5.171902471571958
79,29,3.8693030988449486
79,30,4.466345526071709
80,1,-9.128683810732907
80,2,4.581702633762951
80,3,4.690687393958189
80,4,5.350997702347694
80,5,6.3201759865541405
80,6,7.097632573669564
80,7,6.321885213153195
80,8,5.259613563495456
80,9,4.687765703395524
80,10,5.106033639667306
80,11,6.578028626207171
80,12,3.3874555379174147
80,13,4.642026055014906
80,14,4.003689926892928
80,15,5.398301715342633
80,16,6.332053748979909
80,17,7.4490217433470995
80,18,7.855052941060826
80,19,6.947748788299773
80,20,7.463264856869699
80,21,7.867049105750748
80,22,7.625105751739003
80,23,8.155286281904566
80,24,6.940350566139237
80,25,5.276884999112745
80,26,5.116603037076299
80,27,4.040441698824857
80,28,3.8580295256568675
80,29,4.2727001007502174
80,30,6.5097969619811735
81,1,-8.398289702793402
81,2,1.4509771543354688
81,3,2.3703635314490086
81,4,4.418573757609586
81,5,6.098501039006276
81,6,5.3436185416908835
81,7,6.250749609857415
81,8,4.509645939373993
81,9,3.444897786718588
81,10,7.457599395756397
81,11,6.9267957065988845
81,12,9.378841287428013
81,13,8.138620994671427
81,14,7.706748632202071
81,15,7.2643131563392735
81,16,6.456153426123571
81,17,6.81688122112444
81,18,6.75904461488696
81,19,8.401424925743765
81,20,8.616690517785614
81,21,8.69989958778029
81,22,8.445914378053569
81,23,6.405069775491867
81,24,7.070861770102766
81,25,7.082097837633487
81,26,6.092647858529439
81,27,7.912865492661389
81,28,8.122570111256643
81,29,4.941412674460668
81,30,5.67799660621986
82,1,-3.6737624949363497
82,2,1.3187754735799064
82,3,0.34348843936285434
82,4,2.8981711413228872
82,5,5.255875254494999
82,6,7.2281762956706075
82,7,5.782572223985088
82,8,4.650688235104369
82,9,4.096132539122902
82,10,4.729277062926933
82,11,3.7260011747908663
82,12,0.6088112038719622
82,13,1.340481658410953
82,14,0.00508003455414574
82,15,0.8198108152614711
82,16,4.0215321990070265
82,17,6.276167924955509
82,18,5.346581251549072
82,19,5.939296989763612
82,20,5.2248420671854205
82,21,5.495666729114948
82,22,5.673909242478036
82,23,7.147282904940251
82,24,6.525648585605062
82,25,4.576891839630193
82,26,5.575239536961991
82,27,4.30980030142436
82,28,3.7661003267742963
82,29,5.898331359690385
82,30,6.987715179727083
83,1,-6.8542491987937595
83,2,-4.499163125736661
83,3,1.9741071919102176
83,4,2.443588693481825
83,5,5.838527533478199
83,6,6.408250716851736
83,7,5.103729573764269
83,8,6.319032174702645
83,9,4.170812597049885
83,10,4.690510302232585
83,11,3.6216649590522003
83,12,3.0884480523401514
83,13,1.506230789749818
83,14,1.0306898118981849
83,15,3.1501450419575647
83,16,3.9542150027990317
83,17,4.537594082654508
83,18,4.3307430818906525
83,19,6.448924621335703
83,20,2.7878963301195867
83,21,2.617949750270082
83,22,1.4945967863371372
83,23,2.718784287587134
83,24,0.05507559611058177
83,25,1.8934726758784777
83,26,3.726110633938717
83,27,5.46207698402424
83,28,4.695387920687409
83,29,2.135099897292477
83,30,4.66895164245631
84,1,-7.065945574696687
84,2,-3.038466090710312
84,3,2.0363667754081973
84,4,2.3756173036256065
84,5,3.5983420962314305
84,6,5.555035877307873
84,7,7.16317922874391
84,8,6.523946824497898
84,9,7.938839288418269
84,10,7.822167579161892
84,11,7.448011115666137
84,12,6.09515563530563
84,13,4.9088605875263305
84,14,5.27594716609855
84,15,4.873771871945827
84,16,5.1774239470921515
84,17,6.620879968046282
84,18,4.9328974169131605
84,19,3.540429024561025
84,20,4.679399095049462
84,21,3.773209104849599
84,22,3.3560949943840583
84,23,3.6655747646970376
84,24,3.5837171851481493
84,25,2.0189373913951876
84,26,1.3644722355973968
84,27,2.2933457808289823
84,28,2.782469386409659
84,29,2.891288159380501
84,30,3.0360509206867654
85,1,-4.180124197241584
85,2,0.8473494525217955
85,3,5.7409103301484485
85,4,5.634481372615777
85,5,4.832596927246701
85,6,5.5094730534424095
85,7,4.528311430358155
85,8,4.821977598091156
85,9,6.3630918975082125
85,10,7.742166918900189
85,11,8.063148928380134
85,12,8.637661731555081
85,13,8.576907101959943
85,14,7.184359136463346
85,15,8.003818275701573
85,16,5.4526915407578755
85,17,5.783271449624738
85,18,4.572273428033533
85,19,6.0035978227953954
85,20,4.408116410730944
85,21,4.885809721261925
85,22,6.18923517858121
85,23,4.882837842029762
85,24,4.035665984688379
85,25,5.338291456210392
85,26,7.134829165715107
85,27,7.521881312296156
85,28,7.35136584707076
85,29,6.563866702080304
85,30,6.646778388666522
86,1,-4.183414496721314
86,2,-5.383155081865732
86,3,1.7532682934842434
86,4,5.352983555653839
86,5,5.454432669822356
86,6,5.87424977589626
86,7,7.4750668345521945
86,8,6.33002287285537
86,9,6.070938094878969
86,10,7.169846546731787
86,11,8.039902630800352
86,12,5.518496243831983
86,13,5.877950529191288
86,14,5.942139426466458
86,15,8.084957084753366
86,16,8.4286808404588
86,17,7.100441129062709
86,18,5.222047414701102
86,19,5.0011291310175245
86,20,4.766213350978035
86,21,5.952471353216389
86,22,4.505285356738696
86,23,5.650259184243236
86,24,4.262866101187051
86,25,3.770853231096158
86,26,7.065072003155553
86,27,6.6842128703536225
86,28,7.240261562222653
86,29,5.028887058590165
86,30,4.539446030019224
87,1,-9.519522723943663
87,2,-4.228358422188386
87,3,0.44489403590878673
87,4,2.6862670340038406
87,5,4.045611423977661
87,6,5.360442966979136
87,7,2.7342686298501846
87,8,4.2528563701264055
87,9,5.9562799044041235
87,10,6.400521202294065
87,11,8.394270220007087
87,12,7.5414082722587175
87,13,5.543822633395919
87,14,5.197620734670597
87,15,3.757536160298919
87,16,4.68203862946509
87,17,4.73297597855716
87,18,4.554301455761614
87,19,2.5207824481207126
87,20,0.6625110758196531
87,21,1.748409177058214
87,22,3.393702447968142
87,23,5.18007935757533
87,24,5.578515016946543
87,25,5.556058980831114
87,26,5.479481347625455
87,27,5.555374508837485
87,28,4.603968624627033
87,29,4.11698040601317
87,30,5.447966815827627
88,1,-9.306962180362246
88,2,0.036530096856697725
88,3,2.954586942743731
88,4,4.225166400690963
88,5,5.0680751091245035
88,6,5.666315750113821
88,7,5.95551819056989
88,8,4.195972188718503
88,9,2.257722346125611
88,10,5.570931515575154
88,11,4.926225112563344
88,12,2.0828371815631
88,13,4.009775152494889
88,14,6.138721346974318
88,15,4.754235858370524
88,16,4.735276185583363
88,17,6.941377519566711
88,18,4.316385646276363
88,19,5.617005202893601
88,20,3.7673434636815593
88,21,2.24877124842239
88,22,3.5813183147761265
88,23,5.741077163720519
88,24,3.0732537836710527
88,25,4.9244700123683245
88,26,5.626534841017218
88,27,5.914191138895365
88,28,4.9302107379420335
88,29,2.956335269975348
88,30,4.250125122672188
89,1,-4.388372873556223
89,2,0.05934221871505052
89,3,2.4684508477455296
89,4,2.5589872278047245
89,5,4.17517213487703
89,6,4.267381587855365
89,7,3.920091945587451
89,8,5.747646304431402
89,9,6.499046492219627
89,10,5.1681116056797975
89,11,7.2190393927605605
89,12,6.387856013467168
89,13,5.7725411475571455
89,14,5.417857291132538
89,15,5.1122037316125954
89,16,4.809636854837898
89,17,3.6735066745375526
89,18,3.3800190883347767
89,19,1.4184281727221446
89,20,1.4130446456977097
89,21,2.0959987275945835
89,22,4.4289333809079565
89,23,3.812086873099613
89,24,3.358955022057824
89,25,5.065194527717583
89,26,3.2375598109938934
89,27,2.2189591838576987
89,28,3.4901436006644957
89,29,2.7662796270998236
89,30,2.330120072736168
90,1,-0.6807306521457317
90,2,1.816215055314803
90,3,6.009246128480825
90,4,7.415255450199876
90,5,7.2908915388811835
90,6,7.100948769150001
90,7,5.896401030888153
90,8,7.039801835057407
90,9,6.331521551637476
90,10,5.533767665202607
90,11,6.976635770818554
90,12,8.010284683924723
90,13,8.206285816376287
90,14,7.298111124090536
90,15,5.231632498760732
90,16,0.9229799355375405
90,17,3.301988407786176
90,18,4.912353401320896
90,19,6.227916226784544
90,20,7.02980406724641
90,21,8.712347382419527
90,22,7.393049861172841
90,23,6.820496022868031
90,24,5.4270504252843565
90,25,7.356110041945286
90,26,6.782329697292575
90,27,3.7471135687338233
90,28,3.620161841680094
90,29,0.6268296596274787
90,30,-0.0002155393156755281
91,1,-4.056541149512606
91,2,-0.268907799758912
91,3,5.805070033798284
91,4,6.098128538376258
91,5,5.443547609580424
91,6,2.8289752441799614
91,7,0.7113103485063483
91,8,2.1533669215294076
91,9,2.8899349922316127
91,10,3.188709115968315
91,11,3.637038668547163
91,12,3.164532738399199
91,13,3.789201236805482
91,14,4.569544478488822
91,15,5.751461625749645
91,16,5.5414657966058165
91,17,4.533185149552825
91,18,4.43356971592943
91,19,5.2020189040385
91,20,5.509661234995285
91,21,5.109129022116157
91,22,2.396147600239715
91,23,0.7989192259257276
91,24,0.00013219296180011497
91,25,0.5203077216051355
91,26,-0.7639807260068743
91,27,-0.5278844172896964
91,28,2.110251051336082
91,29,2.4766802949490554
91,30,1.2948524851842738
92,1,-10.156938775378398
92,2,-2.00067953978
92,3,0.681169561461795
92,4,3.3855315548668194
92,5,6.028391631179073
92,6,4.9330836848564985
92,7,5.178145566408691
92,8,7.973945677115257
92,9,8.210552521413128
92,10,7.246676764678899
92,11,7.728020557710895
92,12,5.759249491982562
92,13,5.6786844124594005
92,14,6.526279998670585
92,15,6.4477891762047435
92,16,6.400492114420235
92,17,6.377436764835409
92,18,7.319229740815306
92,19,7.737620863321464
92,20,6.63329985833548
92,21,6.437541530790298
92,22,4.358548585699701
92,23,6.192657678416786
92,24,4.6143595322551505
92,25,5.8321533318000895
92,26,5.564320125215605
92,27,7.1820736707639234
92,28,5.82792294210542
92,29,5.907535949264211
92,30,6.305077545788034
93,1,-3.4262445152006205
93,2,0.00021693114449838902
93,3,0.14322853766737076
93,4,4.404939997097948
93,5,6.590525102897484
93,6,6.521952290621069
93,7,6.756679017500261
93,8,7.435754490163426
93,9,5.965619635453699
93,10,5.264884858096817
93,11,6.493748010083628
93,12,6.208293305670871
93,13,5.845574996569965
93,14,8.911356816232598
93,15,7.25377033534242
93,16,8.288090663561825
93,17,8.451842258411219
93,18,7.448297495302686
93,19,8.85570006229974
93,20,6.563444687628905
93,21,6.496722635983144
93,22,6.875879760024468
93,23,6.926004539052826
93,24,8.199866284063347
93,25,7.40387033047373
93,26,7.8109405709607955
93,27,7.906567305783909
93,28,8.21566944118248
93,29,7.662938084656378
93,30,5.491351864074929
94,1,-1.0851207912117395
94,2,2.8558333330997705
94,3,3.5666407891715366
94,4,4.894721517038672
94,5,5.185405454951166
94,6,5.716221292558632
94,7,4.796808540293963
94,8,5.021437748688918
94,9,4.494061222915736
94,10,4.039628116410174
94,11,5.900540606903768
94,12,5.183397756408141
94,13,5.639082794796543
94,14,6.326810699402138
94,15,5.915720073599754
94,16,5.022012860547743
94,17,6.06172433409683
94,18,4.503951609729995
94,19,1.2853545451378015
94,20,1.364174370087465
94,21,1.3777488791601353
94,22,2.4586804542501497
94,23,4.945954034631754
94,24,5.314065734456978
94,25,4.6548683219425975
94,26,5.630737435692275
94,27,4.221709716086092
94,28,3.3690519982070413
94,29,3.5816785791882104
94,30,2.589196946424053
95,1,-7.633210746173309
95,2,0.10077045788656314
95,3,-0.5478421399636524
95,4,-0.4254939730358007
95,5,0.8159973349022209
95,6,1.9793159945941063
95,7,1.284635716055309
95,8,2.5532501718230733
95,9,3.128622859624439
95,10,2.2526847585027205
95,11,1.8633130227951717
95,12,3.0659374997923337
95,13,2.619553668203274
95,14,1.4787964975152548
95,15,0.4407973105303018
95,16,3.0109851236789105
95,17,2.191438121510121
95,18,2.270919509776064
95,19,1.7877484103670795
95,20,-0.00037762459087176126
95,21,1.0161502521680656
95,22,-1.01831034938877
95,23,3.182234164088193
95,24,2.768122800912259
95,25,3.7021550242859185
95,26,4.386279494536051
95,27,4.639053632776644
95,28,5.285730718146095
95,29,2.9430875211070173
95,30,4.647489416118649
96,1,-5.950146672136555
96,2,-9.855734374042413e-05
96,3,3.2601092794107416
96,4,4.44281217819789
96,5,6.374127166130421
96,6,7.510404514694844
96,7,6.987732280296246
96,8,6.924510953836009
96,9,6.94171250148662
96,10,6.268805320017442
96,11,7.411847589184994
96,12,7.081801854642954
96,13,7.924161488525623
96,14,6.055894653782943
96,15,7.134644868586811
96,16,4.793334462487941
96,17,6.053268793228611
96,18,4.373371242438829
96,19,4.968099564023699
96,20,6.321758559746797
96,21,8.010846664323655
96,22,7.200393454479766
96,23,6.073063996307486
96,24,6.472375104917695
96,25,4.775002518028444
96,26,5.351375330768256
96,27,6.134292879163848
96,28,7.048315078376682
96,29,7.933145433936023
96,30,6.903622333229862
97,1,-5.13789072141191
97,2,-0.0002504625106265479
97,3,-1.2483971500195263
97,4,1.7658646155246593
97,5,2.350609927627712
97,6,3.1878446237127847
97,7,5.152799842226742
97,8,6.735059909628706
97,9,6.310334880324174
97,10,6.195592052570902
97,11,6.181156720152671
97,12,3.045702226858822
97,13,2.798936088215161
97,14,2.1896636995832495
97,15,3.3614312144849947
97,16,4.089358089174773
97,17,5.1295522611273405
97,18,5.236636199208334
97,19,4.587286201251793
97,20,5.509551005033355
97,21,5.048123030369805
97,22,4.730827158622812
97,23,3.0806101719224905
97,24,4.106574695944989
97,25,3.8504491465548263
97,26,4.311520848648215
97,27,3.8856220358300995
97,28,3.682014541509435
97,29,3.100552647076732
97,30,2.7162907997379087
98,1,-1.6818671967453493
98,2,-0.00018628727579717008
98,3,4.210755093085684
98,4,3.4369192030700297
98,5,4.086145483121541
98,6,3.2114422886472624
98,7,1.622074526792371
98,8,0.7564194398207515
98,9,4.073429636020993
98,10,2.4095232586487008
98,11,3.816975055850314
98,12,3.0761525550921007
98,13,4.066824806244345
98,14,2.6390205557838797
98,15,3.808217311977746
98,16,3.9946213781007884
98,17,5.1825082663936435
98,18,3.1954825201952417
98,19,5.228815881453201
98,20,4.264932255896458
98,21,5.106336362612659
98,22,6.516401315236692
98,23,7.080488751843756
98,24,6.397133972068218
98,25,5.7744584835465425
98,26,4.62388347735223
98,27,4.400776128630135
98,28,5.877175395527555
98,29,5.616952039742287
98,30,5.598210634949396
99,1,-5.663514681531833
99,2,1.1248655161908747
99,3,3.152732428156593
99,4,5.533713923822262
99,5,6.854587185317591
99,6,7.347774772543733
99,7,7.585181528007041
99,8,7.939349914329103
99,9,8.999126113886327
99,10,8.581156208054413
99,11,8.522216120362135
99,12,7.553710552816753
99,13,6.40913033285484
99,14,7.148554810054058
99,15,5.517243384562416
99,16,5.394524309703979
99,17,5.6861392609804895
99,18,6.841423740487809
99,19,6.384439461696978
99,20,6.217862536682613
99,21,4.191312385264851
99,22,6.859444009850812
99,23,5.888138127192832
99,24,6.706834855512643
99,25,6.723029282802358
99,26,5.906167056953549
99,27,6.232433316065521
99,28,2.875044369635418
99,29,3.0237229848219798
99,30,5.3408195584269365
100,1,-8.663099837542731
100,2,0.46508712747124115
100,3,0.8712071651496807
100,4,2.8282120524885457
100,5,2.950001035227505
100,6,5.132511693108988
100,7,5.185104057193183
100,8,7.094010199542378
100,9,8.11425406372723
100,10,6.4878117603221135
100,11,5.3006153416144315
100,12,7.440853454506218
100,13,7.214501291236029
100,14,5.908489960497722
100,15,5.949442596891963
100,16,7.0811598445928325
100,17,6.478099988262418
100,18,7.071855309304567
100,19,6.224362012040796
100,20,5.530337999456513
100,21,6.112130929217031
100,22,4.26744047770779
100,23,6.867442033936523
100,24,8.768509639628832
100,25,7.984348776446112
100,26,6.843431198107854
100,27,6.062284524847382
100,28,7.283574108324633
100,29,7.315725752504314
100,30,8.191868776312944
